{"cameraMode":{"drawMode":0,"name":"Shaded","section":"Shading Mode"},"sceneLighting":false,"audioPlay":false,"sceneViewState":{"showFog":true,"showMaterialUpdate":true,"showSkybox":false,"showFlares":true,"showImageEffects":true,"showParticleSystems":true},"in2DMode":false,"pivot":{"x":-6.400758743286133,"y":17.99276351928711,"z":-9.593022346496582},"rotation":{"x":-0.5523920655250549,"y":0.013264975510537625,"z":-0.008784322068095208,"w":-0.833441972732544},"size":2.8578836917877199,"orthographic":false}