{"cameraMode":{"drawMode":0,"name":"Shaded","section":"Shading Mode"},"sceneLighting":false,"audioPlay":false,"sceneViewState":{"showFog":true,"showMaterialUpdate":true,"showSkybox":false,"showFlares":true,"showImageEffects":true,"showParticleSystems":true},"in2DMode":false,"pivot":{"x":0.5507473945617676,"y":2.0510761737823488,"z":2.0957717895507814},"rotation":{"x":0.21052293479442597,"y":-0.668034553527832,"z":0.2057732790708542,"w":0.6834328174591065},"size":6.148770809173584,"orthographic":false}