{"cameraMode":{"drawMode":0,"name":"Shaded","section":"Shading Mode"},"sceneLighting":true,"audioPlay":false,"sceneViewState":{"showFog":true,"showMaterialUpdate":true,"showSkybox":true,"showFlares":true,"showImageEffects":true,"showParticleSystems":true},"in2DMode":false,"pivot":{"x":-1.1920928955078126e-7,"y":0.5253695249557495,"z":-0.00440157949924469},"rotation":{"x":0.05148531496524811,"y":0.9274335503578186,"z":-0.13903656601905824,"w":0.3433886170387268},"size":1.2658379077911378,"orthographic":false}