{"cameraMode":{"drawMode":0,"name":"Shaded","section":"Shading Mode"},"sceneLighting":false,"audioPlay":false,"sceneViewState":{"showFog":true,"showMaterialUpdate":true,"showSkybox":false,"showFlares":true,"showImageEffects":true,"showParticleSystems":true},"in2DMode":false,"pivot":{"x":0.7281812429428101,"y":-0.25076252222061159,"z":1.5555524826049805},"rotation":{"x":0.1556745320558548,"y":-0.7544805407524109,"z":0.1932973861694336,"w":0.6075997352600098},"size":1.6417293548583985,"orthographic":false}