{"cameraMode":{"drawMode":0,"name":"Shaded","section":"Shading Mode"},"sceneLighting":false,"audioPlay":false,"sceneViewState":{"showFog":true,"showMaterialUpdate":true,"showSkybox":false,"showFlares":true,"showImageEffects":true,"showParticleSystems":true},"in2DMode":false,"pivot":{"x":5.048888683319092,"y":4.463089942932129,"z":8.50790023803711},"rotation":{"x":0.042486581951379779,"y":-0.9285085797309876,"z":0.11224918812513352,"w":0.3513946533203125},"size":2.8578836917877199,"orthographic":false}