{"cameraMode":{"drawMode":0,"name":"Shaded","section":"Shading Mode"},"sceneLighting":true,"audioPlay":false,"sceneViewState":{"showFog":true,"showMaterialUpdate":true,"showSkybox":true,"showFlares":true,"showImageEffects":true,"showParticleSystems":true},"in2DMode":false,"pivot":{"x":-1.0223159790039063,"y":-3.4665536880493166,"z":22.454912185668947},"rotation":{"x":0.11491210758686066,"y":-0.10441982746124268,"z":0.012140991166234017,"w":0.9878057241439819},"size":22.0,"orthographic":false}