{"cameraMode":{"drawMode":0,"name":"Shaded","section":"Shading Mode"},"sceneLighting":false,"audioPlay":false,"sceneViewState":{"showFog":true,"showMaterialUpdate":true,"showSkybox":false,"showFlares":true,"showImageEffects":true,"showParticleSystems":true},"in2DMode":false,"pivot":{"x":0.356751024723053,"y":2.3590071201324465,"z":1.440958857536316},"rotation":{"x":0.03803132101893425,"y":-0.9146988391876221,"z":0.3924669325351715,"w":0.08864255249500275},"size":2.8578836917877199,"orthographic":false}