{"cameraMode":{"drawMode":0,"name":"Shaded","section":"Shading Mode"},"sceneLighting":false,"audioPlay":false,"sceneViewState":{"showFog":true,"showMaterialUpdate":true,"showSkybox":false,"showFlares":true,"showImageEffects":true,"showParticleSystems":true},"in2DMode":false,"pivot":{"x":0.9978771209716797,"y":-0.9300756454467773,"z":1.8510241508483887},"rotation":{"x":0.04515767842531204,"y":-0.94271320104599,"z":0.1427745223045349,"w":0.2981274724006653},"size":7.439651012420654,"orthographic":false}